-- Table: ar_internal_metadata
INSERT INTO ar_internal_metadata (key, value, created_at, updated_at) VALUES ('environment', 'staging', '2023-06-30 14:31:25.673842', '2023-06-30 14:31:25.673842');
-- Table: users
INSERT INTO users (id, email, created_at, updated_at) VALUES (4, 'richard.forrest@education.gov.uk', '2023-07-21 13:34:25.021781', '2023-07-21 13:34:25.021781');
INSERT INTO users (id, email, created_at, updated_at) VALUES (5, 'gary.ward@education.gov.uk', '2023-07-21 13:34:58.335178', '2023-07-21 13:34:58.335178');
INSERT INTO users (id, email, created_at, updated_at) VALUES (6, 'daniel.mccormack@education.gov.uk', '2023-07-21 13:35:21.395729', '2023-07-21 13:35:21.395729');
INSERT INTO users (id, email, created_at, updated_at) VALUES (7, 'tor.welch@education.gov.uk', '2023-08-17 13:42:13.939856', '2023-08-17 13:42:13.939856');
INSERT INTO users (id, email, created_at, updated_at) VALUES (8, 'laura2.tennant@education.gov.uk', '2023-08-18 13:25:11.616981', '2023-08-18 13:25:11.616981');
INSERT INTO users (id, email, created_at, updated_at) VALUES (9, 'raul.gracia@education.gov.uk', '2023-08-22 10:04:42.375900', '2023-08-22 10:04:42.375900');
INSERT INTO users (id, email, created_at, updated_at) VALUES (10, 'sarah.gallacher@education.gov.uk', '2023-08-22 15:51:02.229409', '2023-08-22 15:51:02.229409');
INSERT INTO users (id, email, created_at, updated_at) VALUES (11, 'dominic.stevens@education.gov.uk', '2023-08-22 15:51:43.368012', '2023-08-22 15:51:43.368012');
INSERT INTO users (id, email, created_at, updated_at) VALUES (12, 'edem.eta@education.gov.uk', '2023-08-22 15:53:09.088357', '2023-08-22 15:53:09.088357');
INSERT INTO users (id, email, created_at, updated_at) VALUES (13, 'shancie.wanjiru@education.gov.uk', '2023-08-22 15:53:28.051672', '2023-08-22 15:53:28.051672');
INSERT INTO users (id, email, created_at, updated_at) VALUES (14, 'simran.sajid@education.gov.uk', '2023-08-22 15:53:42.495607', '2023-08-22 15:53:42.495607');
INSERT INTO users (id, email, created_at, updated_at) VALUES (15, 'rabab.mohammad@education.gov.uk', '2023-08-22 15:53:56.458055', '2023-08-22 15:53:56.458055');
INSERT INTO users (id, email, created_at, updated_at) VALUES (16, 'nighat.kauser@education.gov.uk', '2023-08-22 15:54:09.375443', '2023-08-22 15:54:09.375443');
INSERT INTO users (id, email, created_at, updated_at) VALUES (17, 'sarah.femi-ola@education.gov.uk', '2023-08-22 15:54:21.839713', '2023-08-22 15:54:21.839713');
-- Table: schools
INSERT INTO schools (id, name, headteacher_name, created_at, updated_at) VALUES (597, 'Harris Manchester Academy', 'Mrs Smith', '2023-08-18 12:04:45.961097', '2023-08-18 12:04:45.961097');
INSERT INTO schools (id, name, headteacher_name, created_at, updated_at) VALUES (598, 'Loughborough Grammar School', 'Mr Strict', '2023-08-18 12:13:43.875163', '2023-08-18 12:13:43.875163');
INSERT INTO schools (id, name, headteacher_name, created_at, updated_at) VALUES (599, 'Compton Primary School', 'Miss Brigstocke', '2023-08-18 12:39:59.681780', '2023-08-18 12:39:59.681780');
INSERT INTO schools (id, name, headteacher_name, created_at, updated_at) VALUES (600, 'Compton Primary School', 'Miss Brigstocke', '2023-08-18 12:52:04.835369', '2023-08-18 12:52:04.835369');
INSERT INTO schools (id, name, headteacher_name, created_at, updated_at) VALUES (601, 'Harris Purley', 'Jones', '2023-08-18 12:52:36.925479', '2023-08-18 12:52:36.925479');
INSERT INTO schools (id, name, headteacher_name, created_at, updated_at) VALUES (602, 'Fake Grammar School', 'John Smith', '2023-08-18 12:54:43.823330', '2023-08-18 12:54:43.823330');
INSERT INTO schools (id, name, headteacher_name, created_at, updated_at) VALUES (603, 'Fake Grammar School', 'John Smith', '2023-08-18 12:56:05.843468', '2023-08-18 12:56:05.843468');
INSERT INTO schools (id, name, headteacher_name, created_at, updated_at) VALUES (604, 'The Petchey Academy', 'harris', '2023-08-18 12:57:10.152941', '2023-08-18 12:57:10.152941');
INSERT INTO schools (id, name, headteacher_name, created_at, updated_at) VALUES (605, 'Cockburn Laurence Calvert Academy', 'Mr Ward', '2023-08-18 13:14:31.317054', '2023-08-18 13:14:31.317054');
INSERT INTO schools (id, name, headteacher_name, created_at, updated_at) VALUES (606, 'Cockburn Laurence Calvert Academy', 'Mr Ward', '2023-08-18 13:16:26.815895', '2023-08-18 13:16:26.815895');
INSERT INTO schools (id, name, headteacher_name, created_at, updated_at) VALUES (607, 'Laura H Tennant', 'Miss Brigstocke', '2023-08-18 13:59:27.869738', '2023-08-18 13:59:27.869738');
INSERT INTO schools (id, name, headteacher_name, created_at, updated_at) VALUES (608, 'Laura H Tennant', 'Miss Brigstocke', '2023-08-18 14:12:38.728121', '2023-08-18 14:12:38.728121');
INSERT INTO schools (id, name, headteacher_name, created_at, updated_at) VALUES (609, 'Bash Street School', 'Mr Strict', '2023-08-21 14:12:16.824712', '2023-08-21 14:12:16.824712');
INSERT INTO schools (id, name, headteacher_name, created_at, updated_at) VALUES (610, 'Laura H Tennant', 'Miss Brigstocke', '2023-08-21 14:57:08.582025', '2023-08-21 14:57:08.582025');
INSERT INTO schools (id, name, headteacher_name, created_at, updated_at) VALUES (611, 'Laura H Tennant', 'Miss Brigstocke', '2023-08-21 14:59:50.261175', '2023-08-21 14:59:50.261175');
INSERT INTO schools (id, name, headteacher_name, created_at, updated_at) VALUES (612, 'Laura H Tennant', 'Miss Brigstocke', '2023-08-21 15:01:40.623154', '2023-08-21 15:01:40.623154');
INSERT INTO schools (id, name, headteacher_name, created_at, updated_at) VALUES (613, 'Pimlico Academy', 'Tom Arden ', '2023-08-22 13:58:45.617775', '2023-08-22 13:58:45.617775');
INSERT INTO schools (id, name, headteacher_name, created_at, updated_at) VALUES (614, 'Pimlico Academy', 'Tom Arden ', '2023-08-22 14:03:01.592134', '2023-08-22 14:03:01.592134');
INSERT INTO schools (id, name, headteacher_name, created_at, updated_at) VALUES (615, 'Harris Purley', 'Jones', '2023-08-23 09:23:28.690626', '2023-08-23 09:23:28.690626');
INSERT INTO schools (id, name, headteacher_name, created_at, updated_at) VALUES (616, 'Lanark Grammar School', 'Mr Brown', '2023-08-23 09:56:00.174237', '2023-08-23 09:56:00.174237');
INSERT INTO schools (id, name, headteacher_name, created_at, updated_at) VALUES (617, 'King Edwards VI Handsworth Grammar School', 'Joy Gordon', '2023-08-23 09:57:47.540281', '2023-08-23 09:57:47.540281');
INSERT INTO schools (id, name, headteacher_name, created_at, updated_at) VALUES (618, 'New College ', 'Mr Townsend', '2023-08-23 09:59:10.842821', '2023-08-23 09:59:10.842821');
INSERT INTO schools (id, name, headteacher_name, created_at, updated_at) VALUES (619, 'King Edwards VI Handsworth Grammar School', 'Joy Gordon', '2023-08-23 10:03:04.314877', '2023-08-23 10:03:04.314877');
INSERT INTO schools (id, name, headteacher_name, created_at, updated_at) VALUES (620, 'St Thomas Aquinas Catholic School', 'Elizabeth Walker', '2023-08-23 10:07:09.797978', '2023-08-23 10:07:09.797978');
INSERT INTO schools (id, name, headteacher_name, created_at, updated_at) VALUES (621, 'West Lea School', 'John Smith', '2023-08-23 10:13:00.944902', '2023-08-23 10:13:00.944902');
INSERT INTO schools (id, name, headteacher_name, created_at, updated_at) VALUES (622, 'Notre Dame High School', 'Tabby', '2023-08-23 10:13:02.655365', '2023-08-23 10:13:02.655365');
INSERT INTO schools (id, name, headteacher_name, created_at, updated_at) VALUES (623, ' Elm Court School', 'Alex Smith ', '2023-08-23 10:14:19.782337', '2023-08-23 10:14:19.782337');
INSERT INTO schools (id, name, headteacher_name, created_at, updated_at) VALUES (624, 'Turves green girls school', 'Emily Krystal', '2023-08-23 10:15:24.273414', '2023-08-23 10:15:24.273414');
INSERT INTO schools (id, name, headteacher_name, created_at, updated_at) VALUES (625, 'Laura H Tennant', 'Miss Brigstocke', '2023-08-23 11:12:38.872588', '2023-08-23 11:12:38.872588');
INSERT INTO schools (id, name, headteacher_name, created_at, updated_at) VALUES (626, 'test', 'test', '2023-08-24 10:47:48.078557', '2023-08-24 10:47:48.078557');
-- Table: addresses
INSERT INTO addresses (id, addressable_type, addressable_id, address_line_1, address_line_2, city, postcode, created_at, updated_at) VALUES (219, 'Applicant', 603, '15  Axe Head Road', '', 'Manchester', 'M2 4WW', '2023-08-18 12:03:39.187431', '2023-08-18 12:03:39.187431');
INSERT INTO addresses (id, addressable_type, addressable_id, address_line_1, address_line_2, city, postcode, created_at, updated_at) VALUES (220, 'School', 597, '22 Midhurst Close', '', 'Manchester', 'M2 3XY', '2023-08-18 12:04:45.966584', '2023-08-18 12:04:45.966584');
INSERT INTO addresses (id, addressable_type, addressable_id, address_line_1, address_line_2, city, postcode, created_at, updated_at) VALUES (221, 'Applicant', 604, '12 Primrose Crescent', 'Carlton', 'Nottingham', 'NG4 3AN', '2023-08-18 12:10:33.063509', '2023-08-18 12:10:33.063509');
INSERT INTO addresses (id, addressable_type, addressable_id, address_line_1, address_line_2, city, postcode, created_at, updated_at) VALUES (222, 'School', 598, '3 Burton Walks', '', 'Loughborough', 'LE11 2DU', '2023-08-18 12:13:43.880044', '2023-08-18 12:13:43.880044');
INSERT INTO addresses (id, addressable_type, addressable_id, address_line_1, address_line_2, city, postcode, created_at, updated_at) VALUES (223, 'Applicant', 605, '205 Springbank Rd, Lewisham', 'Lewisham', 'London', 'SE13 6ST', '2023-08-18 12:39:26.898723', '2023-08-18 12:39:26.898723');
INSERT INTO addresses (id, addressable_type, addressable_id, address_line_1, address_line_2, city, postcode, created_at, updated_at) VALUES (224, 'School', 599, 'The Old Post Office', 'Compton Chamberlayne', 'Salisbury', 'SP3 5DB', '2023-08-18 12:39:59.686741', '2023-08-18 12:39:59.686741');
INSERT INTO addresses (id, addressable_type, addressable_id, address_line_1, address_line_2, city, postcode, created_at, updated_at) VALUES (225, 'Applicant', 606, '14 Milton House Mansions', '', 'London', 'E82EH', '2023-08-18 12:50:27.872286', '2023-08-18 12:50:27.872286');
INSERT INTO addresses (id, addressable_type, addressable_id, address_line_1, address_line_2, city, postcode, created_at, updated_at) VALUES (226, 'Applicant', 607, '4 Privet Drive', 'Suburbia', 'Greater Suburbia', 'BN1 1AA', '2023-08-18 12:51:44.941071', '2023-08-18 12:51:44.941071');
INSERT INTO addresses (id, addressable_type, addressable_id, address_line_1, address_line_2, city, postcode, created_at, updated_at) VALUES (227, 'School', 600, 'The Old Post Office', 'Compton Chamberlayne', 'Salisbury', 'SP3 5DB', '2023-08-18 12:52:04.839211', '2023-08-18 12:52:04.839211');
INSERT INTO addresses (id, addressable_type, addressable_id, address_line_1, address_line_2, city, postcode, created_at, updated_at) VALUES (228, 'School', 601, 'Harris Purley', '', 'Croydon', 'CR2 6DT', '2023-08-18 12:52:36.929788', '2023-08-18 12:52:36.929788');
INSERT INTO addresses (id, addressable_type, addressable_id, address_line_1, address_line_2, city, postcode, created_at, updated_at) VALUES (229, 'Applicant', 608, 'Piccadilly Gate', 'Store Street', 'Manchester', 'M1 2WD', '2023-08-18 12:53:16.708108', '2023-08-18 12:53:16.708108');
INSERT INTO addresses (id, addressable_type, addressable_id, address_line_1, address_line_2, city, postcode, created_at, updated_at) VALUES (230, 'School', 602, 'Piccadilly Gate', 'Store Street', 'Manchester', 'M1 2WD', '2023-08-18 12:54:43.826522', '2023-08-18 12:54:43.826522');
INSERT INTO addresses (id, addressable_type, addressable_id, address_line_1, address_line_2, city, postcode, created_at, updated_at) VALUES (231, 'Applicant', 609, '14 Milton House Mansions', '', 'London', 'E82EH', '2023-08-18 12:55:24.376238', '2023-08-18 12:55:24.376238');
INSERT INTO addresses (id, addressable_type, addressable_id, address_line_1, address_line_2, city, postcode, created_at, updated_at) VALUES (232, 'Applicant', 610, 'Piccadilly Gate', 'Store Street', 'Manchester', 'M1 2WD', '2023-08-18 12:55:52.612794', '2023-08-18 12:55:52.612794');
INSERT INTO addresses (id, addressable_type, addressable_id, address_line_1, address_line_2, city, postcode, created_at, updated_at) VALUES (233, 'School', 603, 'Piccadilly Gate', 'Store Street', 'Manchester', 'M1 2WD', '2023-08-18 12:56:05.847490', '2023-08-18 12:56:05.847490');
INSERT INTO addresses (id, addressable_type, addressable_id, address_line_1, address_line_2, city, postcode, created_at, updated_at) VALUES (234, 'School', 604, 'Kingsland School House Shacklewell Lane', '', 'London', 'E8 2EY', '2023-08-18 12:57:10.157429', '2023-08-18 12:57:10.157429');
INSERT INTO addresses (id, addressable_type, addressable_id, address_line_1, address_line_2, city, postcode, created_at, updated_at) VALUES (235, 'Applicant', 611, '83 Manor Way', '83 Manor Way', 'Beckenham', 'BR33SJ', '2023-08-18 13:14:16.656595', '2023-08-18 13:14:16.656595');
INSERT INTO addresses (id, addressable_type, addressable_id, address_line_1, address_line_2, city, postcode, created_at, updated_at) VALUES (236, 'School', 605, '2 St Georges Road', '', 'Leeds', 'LS10 4UZ', '2023-08-18 13:14:31.321355', '2023-08-18 13:14:31.321355');
INSERT INTO addresses (id, addressable_type, addressable_id, address_line_1, address_line_2, city, postcode, created_at, updated_at) VALUES (237, 'Applicant', 612, '83 Manor Way', '83 Manor Way', 'Beckenham', 'BR33SJ', '2023-08-18 13:16:18.721308', '2023-08-18 13:16:18.721308');
INSERT INTO addresses (id, addressable_type, addressable_id, address_line_1, address_line_2, city, postcode, created_at, updated_at) VALUES (238, 'School', 606, '2 St Georges Road', '', 'Leeds', 'LS10 4UZ', '2023-08-18 13:16:26.820421', '2023-08-18 13:16:26.820421');
INSERT INTO addresses (id, addressable_type, addressable_id, address_line_1, address_line_2, city, postcode, created_at, updated_at) VALUES (239, 'Applicant', 613, '205 Springbank Rd, Lewisham', 'Lewisham', 'London', 'SE13 6ST', '2023-08-18 13:59:20.426396', '2023-08-18 13:59:20.426396');
INSERT INTO addresses (id, addressable_type, addressable_id, address_line_1, address_line_2, city, postcode, created_at, updated_at) VALUES (240, 'School', 607, '205 Springbank Rd, Lewisham', 'Lewisham', 'London', 'SE13 6ST', '2023-08-18 13:59:27.873104', '2023-08-18 13:59:27.873104');
INSERT INTO addresses (id, addressable_type, addressable_id, address_line_1, address_line_2, city, postcode, created_at, updated_at) VALUES (241, 'Applicant', 614, '205 Springbank Rd, Lewisham', 'Lewisham', 'London', 'SE13 6ST', '2023-08-18 14:12:24.847667', '2023-08-18 14:12:24.847667');
INSERT INTO addresses (id, addressable_type, addressable_id, address_line_1, address_line_2, city, postcode, created_at, updated_at) VALUES (242, 'School', 608, '205 Springbank Rd, Lewisham', 'Lewisham', 'London', 'SE13 6ST', '2023-08-18 14:12:38.731552', '2023-08-18 14:12:38.731552');
INSERT INTO addresses (id, addressable_type, addressable_id, address_line_1, address_line_2, city, postcode, created_at, updated_at) VALUES (243, 'Applicant', 615, '123 Street', '', 'Anytown', 'AB1 1BA', '2023-08-21 14:11:21.464074', '2023-08-21 14:11:21.464074');
INSERT INTO addresses (id, addressable_type, addressable_id, address_line_1, address_line_2, city, postcode, created_at, updated_at) VALUES (244, 'School', 609, 'Bash Street', '', 'Beano town', 'AB2 2BA', '2023-08-21 14:12:16.830571', '2023-08-21 14:12:16.830571');
INSERT INTO addresses (id, addressable_type, addressable_id, address_line_1, address_line_2, city, postcode, created_at, updated_at) VALUES (245, 'Applicant', 616, '205 Springbank Rd, Lewisham', 'Lewisham', 'London', 'SE13 6ST', '2023-08-21 14:56:59.094310', '2023-08-21 14:56:59.094310');
INSERT INTO addresses (id, addressable_type, addressable_id, address_line_1, address_line_2, city, postcode, created_at, updated_at) VALUES (246, 'School', 610, '205 Springbank Rd, Lewisham', 'Lewisham', 'London', 'SE13 6ST', '2023-08-21 14:57:08.585701', '2023-08-21 14:57:08.585701');
INSERT INTO addresses (id, addressable_type, addressable_id, address_line_1, address_line_2, city, postcode, created_at, updated_at) VALUES (247, 'School', 611, '205 Springbank Rd, Lewisham', 'Lewisham', 'London', 'SE13 6ST', '2023-08-21 14:59:50.264263', '2023-08-21 14:59:50.264263');
INSERT INTO addresses (id, addressable_type, addressable_id, address_line_1, address_line_2, city, postcode, created_at, updated_at) VALUES (248, 'Applicant', 617, '205 Springbank Rd, Lewisham', 'Lewisham', 'London', 'SE13 6ST', '2023-08-21 15:01:33.555706', '2023-08-21 15:01:33.555706');
INSERT INTO addresses (id, addressable_type, addressable_id, address_line_1, address_line_2, city, postcode, created_at, updated_at) VALUES (249, 'School', 612, '205 Springbank Rd, Lewisham', 'Lewisham', 'London', 'SE13 6ST', '2023-08-21 15:01:40.627499', '2023-08-21 15:01:40.627499');
INSERT INTO addresses (id, addressable_type, addressable_id, address_line_1, address_line_2, city, postcode, created_at, updated_at) VALUES (250, 'Applicant', 618, '14 Milton House Mansions', '', 'London', 'E82EH', '2023-08-22 13:56:35.413487', '2023-08-22 13:56:35.413487');
INSERT INTO addresses (id, addressable_type, addressable_id, address_line_1, address_line_2, city, postcode, created_at, updated_at) VALUES (251, 'School', 613, ' Lupus Street', '', 'London ', 'SW1V 3AT', '2023-08-22 13:58:45.622873', '2023-08-22 13:58:45.622873');
INSERT INTO addresses (id, addressable_type, addressable_id, address_line_1, address_line_2, city, postcode, created_at, updated_at) VALUES (252, 'Applicant', 619, '14 Milton House Mansions', '', 'London', 'E82EH', '2023-08-22 14:02:51.539804', '2023-08-22 14:02:51.539804');
INSERT INTO addresses (id, addressable_type, addressable_id, address_line_1, address_line_2, city, postcode, created_at, updated_at) VALUES (253, 'School', 614, 'Lupus Street', '', 'London', 'SW1V 3AT', '2023-08-22 14:03:01.597664', '2023-08-22 14:03:01.597664');
INSERT INTO addresses (id, addressable_type, addressable_id, address_line_1, address_line_2, city, postcode, created_at, updated_at) VALUES (254, 'Applicant', 620, '14 Milton House Mansions', '', 'London', 'E82EH', '2023-08-23 09:23:13.138312', '2023-08-23 09:23:13.138312');
INSERT INTO addresses (id, addressable_type, addressable_id, address_line_1, address_line_2, city, postcode, created_at, updated_at) VALUES (255, 'School', 615, 'Harris Purley', '', 'Croydon', 'CR2 6DT', '2023-08-23 09:23:28.695435', '2023-08-23 09:23:28.695435');
INSERT INTO addresses (id, addressable_type, addressable_id, address_line_1, address_line_2, city, postcode, created_at, updated_at) VALUES (256, 'Applicant', 621, '209 Riverside Road', '', 'Lanark', 'ML11 9JJ', '2023-08-23 09:54:58.638030', '2023-08-23 09:54:58.638030');
INSERT INTO addresses (id, addressable_type, addressable_id, address_line_1, address_line_2, city, postcode, created_at, updated_at) VALUES (257, 'School', 616, 'Kirklands Road', '', 'Lanark', 'ML11 9AJ', '2023-08-23 09:56:00.179213', '2023-08-23 09:56:00.179213');
INSERT INTO addresses (id, addressable_type, addressable_id, address_line_1, address_line_2, city, postcode, created_at, updated_at) VALUES (258, 'Applicant', 622, '61 Tame Road', '', 'Birmingham', 'B5 6DT', '2023-08-23 09:56:14.988268', '2023-08-23 09:56:14.988268');
INSERT INTO addresses (id, addressable_type, addressable_id, address_line_1, address_line_2, city, postcode, created_at, updated_at) VALUES (259, 'Applicant', 623, '35 Uppingham Road', '', 'Essex', 'ED1 6BH', '2023-08-23 09:57:46.443582', '2023-08-23 09:57:46.443582');
INSERT INTO addresses (id, addressable_type, addressable_id, address_line_1, address_line_2, city, postcode, created_at, updated_at) VALUES (260, 'School', 617, 'Grove Lane', 'Handsworth', 'Birmingham', 'B21 9ET', '2023-08-23 09:57:47.544650', '2023-08-23 09:57:47.544650');
INSERT INTO addresses (id, addressable_type, addressable_id, address_line_1, address_line_2, city, postcode, created_at, updated_at) VALUES (261, 'School', 618, '67 Gallowtree Street ', '', 'Leicester ', 'Le1 1SH', '2023-08-23 09:59:10.847565', '2023-08-23 09:59:10.847565');
INSERT INTO addresses (id, addressable_type, addressable_id, address_line_1, address_line_2, city, postcode, created_at, updated_at) VALUES (262, 'Applicant', 624, '29 Wilmer Drive ', '', 'Bradford', 'BD9 4RX', '2023-08-23 10:01:04.973827', '2023-08-23 10:01:04.973827');
INSERT INTO addresses (id, addressable_type, addressable_id, address_line_1, address_line_2, city, postcode, created_at, updated_at) VALUES (263, 'Applicant', 625, '23 woodclose', '', 'hatfield', 'al10 9eu', '2023-08-23 10:02:32.977130', '2023-08-23 10:02:32.977130');
INSERT INTO addresses (id, addressable_type, addressable_id, address_line_1, address_line_2, city, postcode, created_at, updated_at) VALUES (264, 'Applicant', 626, '61 Tame Road', '', 'Birmingham', 'B5 6DT', '2023-08-23 10:02:52.628343', '2023-08-23 10:02:52.628343');
INSERT INTO addresses (id, addressable_type, addressable_id, address_line_1, address_line_2, city, postcode, created_at, updated_at) VALUES (265, 'School', 619, 'Grove Lane', 'Handsworth', 'Birmingham', 'B21 9ET', '2023-08-23 10:03:04.320739', '2023-08-23 10:03:04.320739');
INSERT INTO addresses (id, addressable_type, addressable_id, address_line_1, address_line_2, city, postcode, created_at, updated_at) VALUES (266, 'School', 620, '34 mosquito way', '', 'Hatfield', 'AL10 4TW', '2023-08-23 10:07:09.803564', '2023-08-23 10:07:09.803564');
INSERT INTO addresses (id, addressable_type, addressable_id, address_line_1, address_line_2, city, postcode, created_at, updated_at) VALUES (267, 'Applicant', 627, '1 Whiskers Way', '', 'London', 'WC2E 7PP', '2023-08-23 10:10:39.878628', '2023-08-23 10:10:39.878628');
INSERT INTO addresses (id, addressable_type, addressable_id, address_line_1, address_line_2, city, postcode, created_at, updated_at) VALUES (268, 'Applicant', 628, '65 Jewel Court', '', 'Birmingham', 'B3 1PW', '2023-08-23 10:11:03.966822', '2023-08-23 10:11:03.966822');
INSERT INTO addresses (id, addressable_type, addressable_id, address_line_1, address_line_2, city, postcode, created_at, updated_at) VALUES (269, 'School', 621, 'Haselbury Road', 'Edmonton, Enfield', 'London', 'N9 9TU', '2023-08-23 10:13:00.948957', '2023-08-23 10:13:00.948957');
INSERT INTO addresses (id, addressable_type, addressable_id, address_line_1, address_line_2, city, postcode, created_at, updated_at) VALUES (270, 'School', 622, 'Oakbrook Fulwood Road', '', 'Sheffield', 'S10 3BT', '2023-08-23 10:13:02.659830', '2023-08-23 10:13:02.659830');
INSERT INTO addresses (id, addressable_type, addressable_id, address_line_1, address_line_2, city, postcode, created_at, updated_at) VALUES (271, 'Applicant', 629, '122 everywhere', '', 'Bristol', 'BN2 2NN', '2023-08-23 10:13:10.358928', '2023-08-23 10:13:10.358928');
INSERT INTO addresses (id, addressable_type, addressable_id, address_line_1, address_line_2, city, postcode, created_at, updated_at) VALUES (272, 'School', 623, 'Elm Park', '', 'Lambeth, London ', 'SW2 2EF', '2023-08-23 10:14:19.787714', '2023-08-23 10:14:19.787714');
INSERT INTO addresses (id, addressable_type, addressable_id, address_line_1, address_line_2, city, postcode, created_at, updated_at) VALUES (273, 'School', 624, '134 everywhere', '', 'Bristol', 'BN1 1AA', '2023-08-23 10:15:24.280410', '2023-08-23 10:15:24.280410');
INSERT INTO addresses (id, addressable_type, addressable_id, address_line_1, address_line_2, city, postcode, created_at, updated_at) VALUES (274, 'Applicant', 630, '205 Springbank Rd, Lewisham', 'Lewisham', 'London', 'SE13 6ST', '2023-08-23 11:12:29.447794', '2023-08-23 11:12:29.447794');
INSERT INTO addresses (id, addressable_type, addressable_id, address_line_1, address_line_2, city, postcode, created_at, updated_at) VALUES (275, 'School', 625, '205 Springbank Rd, Lewisham', 'Lewisham', 'London', 'SE13 6ST', '2023-08-23 11:12:38.876656', '2023-08-23 11:12:38.876656');
INSERT INTO addresses (id, addressable_type, addressable_id, address_line_1, address_line_2, city, postcode, created_at, updated_at) VALUES (276, 'Applicant', 631, 'Sanctuary Buildings', '', 'London', 'SW1P 3BT', '2023-08-24 10:47:34.809154', '2023-08-24 10:47:34.809154');
INSERT INTO addresses (id, addressable_type, addressable_id, address_line_1, address_line_2, city, postcode, created_at, updated_at) VALUES (277, 'School', 626, 'Sanctuary Buildings', '', 'London', 'SW1P 3BT', '2023-08-24 10:47:48.083961', '2023-08-24 10:47:48.083961');
-- Table: app_settings
INSERT INTO app_settings (id, service_start_date, service_end_date, created_at, updated_at) VALUES (1, '2022-09-01', '2024-08-20', '2023-07-21 12:27:26.052015', '2023-08-17 12:33:33.818998');
-- Table: applicants
INSERT INTO applicants (id, given_name, family_name, email_address, phone_number, date_of_birth, nationality, sex, passport_number, created_at, updated_at, school_id, middle_name) VALUES (618, 'John', 'Smith', 'john@gmail.com', '12345678910', '1991-11-01', 'English', 'female', '123456789', '2023-08-22 13:56:35.408866', '2023-08-22 13:58:45.620964', 613, 'Edward');
INSERT INTO applicants (id, given_name, family_name, email_address, phone_number, date_of_birth, nationality, sex, passport_number, created_at, updated_at, school_id, middle_name) VALUES (619, 'John', 'Smith', 'john@gmail.com', '12345678911', '1991-11-01', 'English', 'female', '123456777', '2023-08-22 14:02:51.536662', '2023-08-22 14:03:01.595492', 614, 'Edward');
INSERT INTO applicants (id, given_name, family_name, email_address, phone_number, date_of_birth, nationality, sex, passport_number, created_at, updated_at, school_id, middle_name) VALUES (620, 'Sarah', 'Gallacher', 'sarah.gallacher@education.gov.uk', '07470357660', '1993-03-18', 'Brazilian', 'female', '123456789', '2023-08-23 09:23:13.135257', '2023-08-23 09:23:28.693506', 615, 'Elizabeth');
INSERT INTO applicants (id, given_name, family_name, email_address, phone_number, date_of_birth, nationality, sex, passport_number, created_at, updated_at, school_id, middle_name) VALUES (621, 'Ian', 'Goldie', 'mrgoldie@hotmail.com', '01555 444658', '1980-01-10', 'Peruvian', 'male', '252624287', '2023-08-23 09:54:58.634837', '2023-08-23 09:56:00.177123', 616, '');
INSERT INTO applicants (id, given_name, family_name, email_address, phone_number, date_of_birth, nationality, sex, passport_number, created_at, updated_at, school_id, middle_name) VALUES (622, 'Dee', 'Frost', 'edem.eta@education.gov.uk', '07852437876', '2000-04-12', 'American', 'female', '111333777000', '2023-08-23 09:56:14.984332', '2023-08-23 09:57:47.543046', 617, '');
INSERT INTO applicants (id, given_name, family_name, email_address, phone_number, date_of_birth, nationality, sex, passport_number, created_at, updated_at, school_id, middle_name) VALUES (623, 'Samantha', 'Deed', 'sdeed@yahoo.com', '07654321999', '1993-08-20', 'Japanese', 'female', '23456789', '2023-08-23 09:57:46.440898', '2023-08-23 09:59:10.845735', 618, '');
INSERT INTO applicants (id, given_name, family_name, email_address, phone_number, date_of_birth, nationality, sex, passport_number, created_at, updated_at, school_id, middle_name) VALUES (626, 'Dee', 'Frost', 'demzy01@yahoo.com', '07852149487', '1991-08-12', 'Albanian', 'female', '110101010101', '2023-08-23 10:02:52.624983', '2023-08-23 10:03:04.318843', 619, '');
INSERT INTO applicants (id, given_name, family_name, email_address, phone_number, date_of_birth, nationality, sex, passport_number, created_at, updated_at, school_id, middle_name) VALUES (625, 'olive', 'young', 'olive.y@hotmail.com', '07422267515', '1997-12-06', 'South Korean', 'female', 'AK777683', '2023-08-23 10:02:32.974254', '2023-08-23 10:07:09.801808', 620, '');
INSERT INTO applicants (id, given_name, family_name, email_address, phone_number, date_of_birth, nationality, sex, passport_number, created_at, updated_at, school_id, middle_name) VALUES (628, 'Sarah ', 'Femi-Ola', 'sarah.femi-ola@education.gov.uk', '12345678910', '1981-01-01', 'Cameroonian', 'female', '123456', '2023-08-23 10:11:03.964133', '2023-08-23 10:13:00.947407', 621, '');
INSERT INTO applicants (id, given_name, family_name, email_address, phone_number, date_of_birth, nationality, sex, passport_number, created_at, updated_at, school_id, middle_name) VALUES (627, 'Catman', 'Kittens', 'cat@gmail.com', '01234567890', '1995-01-01', 'Pakistani', 'female', '00927374464688373647', '2023-08-23 10:10:39.875934', '2023-08-23 10:13:02.658151', 622, '');
INSERT INTO applicants (id, given_name, family_name, email_address, phone_number, date_of_birth, nationality, sex, passport_number, created_at, updated_at, school_id, middle_name) VALUES (624, 'Libby ', 'Furness', 'whatever@yahoo.co.uk', '07123456789', '1991-06-01', 'Pakistani', 'female', '23456678', '2023-08-23 10:01:04.970092', '2023-08-23 10:14:19.786156', 623, '');
INSERT INTO applicants (id, given_name, family_name, email_address, phone_number, date_of_birth, nationality, sex, passport_number, created_at, updated_at, school_id, middle_name) VALUES (629, 'Seiran', 'Wonder', 's.Wonder@gmail.com', '07345698762', '1990-06-14', 'Turkish', 'female', 'LW1237892', '2023-08-23 10:13:10.356100', '2023-08-23 10:15:24.276642', 624, '');
INSERT INTO applicants (id, given_name, family_name, email_address, phone_number, date_of_birth, nationality, sex, passport_number, created_at, updated_at, school_id, middle_name) VALUES (630, 'Laura', 'Tennant', 'laura.tennant@gmail.com', '+447961100193', '1967-02-09', 'Afghan', 'female', '8094581-03479510-', '2023-08-23 11:12:29.444450', '2023-08-23 11:12:38.875030', 625, 'Hermione');
INSERT INTO applicants (id, given_name, family_name, email_address, phone_number, date_of_birth, nationality, sex, passport_number, created_at, updated_at, school_id, middle_name) VALUES (631, 'test', 'test', 'test@test.com', '01234578901', '2000-01-01', 'Belgian', 'female', '123456789', '2023-08-24 10:47:34.806088', '2023-08-24 10:47:48.081780', 626, 'test');
INSERT INTO applicants (id, given_name, family_name, email_address, phone_number, date_of_birth, nationality, sex, passport_number, created_at, updated_at, school_id, middle_name) VALUES (603, 'Sukhbir', 'Nilam', 'SukhbirNilam@gmail.com', '07700900983', '1995-05-05', 'Indian', 'male', 'J7258743', '2023-08-18 12:03:39.183947', '2023-08-18 12:04:45.963955', 597, '');
INSERT INTO applicants (id, given_name, family_name, email_address, phone_number, date_of_birth, nationality, sex, passport_number, created_at, updated_at, school_id, middle_name) VALUES (604, 'Richard', 'Forrest', 'richard.forrest@education.gov.uk', '07929205988', '1992-10-15', 'St Lucian', 'male', '37591482', '2023-08-18 12:10:33.061140', '2023-08-18 12:13:43.878116', 598, 'James');
INSERT INTO applicants (id, given_name, family_name, email_address, phone_number, date_of_birth, nationality, sex, passport_number, created_at, updated_at, school_id, middle_name) VALUES (605, 'Laura', 'Tennant', 'laura.tennant@gmail.com', '+447961100193', '1973-02-09', 'Afghan', 'female', '8094581-03479510', '2023-08-18 12:39:26.895103', '2023-08-18 12:39:59.684911', 599, 'Hermione');
INSERT INTO applicants (id, given_name, family_name, email_address, phone_number, date_of_birth, nationality, sex, passport_number, created_at, updated_at, school_id, middle_name) VALUES (607, 'Harry', 'Potter', 'harry.potter@gmail.com', '07961100193', '1980-07-31', 'Vatican citizen', 'male', '7459729070 ', '2023-08-18 12:51:44.938653', '2023-08-18 12:52:04.838002', 600, '');
INSERT INTO applicants (id, given_name, family_name, email_address, phone_number, date_of_birth, nationality, sex, passport_number, created_at, updated_at, school_id, middle_name) VALUES (606, 'Sarah', 'Gallacher', 'sarah.gallacher@education.gov.uk', '07470357660', '1993-03-18', 'Australian', 'female', '123456789', '2023-08-18 12:50:27.869733', '2023-08-18 12:52:36.928251', 601, 'Elizabeth');
INSERT INTO applicants (id, given_name, family_name, email_address, phone_number, date_of_birth, nationality, sex, passport_number, created_at, updated_at, school_id, middle_name) VALUES (608, 'Alexander', 'Shaw', 'alexander.shaw@education.gov.uk', '+447825454771', '1997-12-28', 'Italian', 'male', '1151210623', '2023-08-18 12:53:16.705557', '2023-08-18 12:54:43.825317', 602, 'George');
INSERT INTO applicants (id, given_name, family_name, email_address, phone_number, date_of_birth, nationality, sex, passport_number, created_at, updated_at, school_id, middle_name) VALUES (610, 'Alexander', 'Shaw', 'alexander.shaw@education.gov.uk', '+447825454771', '1997-12-28', 'English', 'male', '1151210623', '2023-08-18 12:55:52.609727', '2023-08-18 12:56:05.845837', 603, 'George');
INSERT INTO applicants (id, given_name, family_name, email_address, phone_number, date_of_birth, nationality, sex, passport_number, created_at, updated_at, school_id, middle_name) VALUES (609, 'Sarah', 'Gallacher', 'Sarah.Gallacher@cadenceinnova.com', '+447470357635', '1993-03-18', 'Australian', 'female', '123456789', '2023-08-18 12:55:24.373337', '2023-08-18 12:57:10.155545', 604, 'Elizabeth');
INSERT INTO applicants (id, given_name, family_name, email_address, phone_number, date_of_birth, nationality, sex, passport_number, created_at, updated_at, school_id, middle_name) VALUES (611, 'Daniel', 'Snook', 'dansnook@gmail.com', '7324445665', '1987-02-27', 'Argentine', 'male', '432156AAA', '2023-08-18 13:14:16.653840', '2023-08-18 13:14:31.319860', 605, '');
INSERT INTO applicants (id, given_name, family_name, email_address, phone_number, date_of_birth, nationality, sex, passport_number, created_at, updated_at, school_id, middle_name) VALUES (612, 'Daniel', 'Snook', 'dansnook@gmail.com', '7324445665', '1987-02-27', 'Argentine', 'male', '432156AAA', '2023-08-18 13:16:18.718708', '2023-08-18 13:16:26.818887', 606, '');
INSERT INTO applicants (id, given_name, family_name, email_address, phone_number, date_of_birth, nationality, sex, passport_number, created_at, updated_at, school_id, middle_name) VALUES (613, 'Laura', 'Tennant', 'laura.tennant@gmail.com', '+447961100193', '1967-02-09', 'American', 'female', '8094581-03479510-', '2023-08-18 13:59:20.424299', '2023-08-18 13:59:27.871870', 607, 'Hermione');
INSERT INTO applicants (id, given_name, family_name, email_address, phone_number, date_of_birth, nationality, sex, passport_number, created_at, updated_at, school_id, middle_name) VALUES (614, 'Laura', 'Tennant', 'laura.tennant@gmail.com', '+447961100193', '1967-02-09', 'American', 'female', '8094581-03479510-', '2023-08-18 14:12:24.844968', '2023-08-18 14:12:38.730200', 608, 'Hermione');
INSERT INTO applicants (id, given_name, family_name, email_address, phone_number, date_of_birth, nationality, sex, passport_number, created_at, updated_at, school_id, middle_name) VALUES (615, 'Steve', 'Smith', 'smithy123@hotmail.com', '01234567890', '1980-08-21', 'Azerbaijani', 'male', '37591482', '2023-08-21 14:11:21.460133', '2023-08-21 14:12:16.828047', 609, '');
INSERT INTO applicants (id, given_name, family_name, email_address, phone_number, date_of_birth, nationality, sex, passport_number, created_at, updated_at, school_id, middle_name) VALUES (616, 'Laura', 'Tennant', 'laura.tennant@gmail.com', '+447961100193', '1967-02-09', 'Albanian', 'female', '8094581-03479510-', '2023-08-21 14:56:59.091983', '2023-08-21 14:59:50.263103', 611, 'Hermione');
INSERT INTO applicants (id, given_name, family_name, email_address, phone_number, date_of_birth, nationality, sex, passport_number, created_at, updated_at, school_id, middle_name) VALUES (617, 'Laura', 'Tennant', 'laura.tennant@gmail.com', '+447961100193', '1967-02-09', 'Albanian', 'female', '8094581-03479510-', '2023-08-21 15:01:33.553301', '2023-08-21 15:01:40.625730', 612, 'Hermione');
-- Table: applications
INSERT INTO applications (id, application_date, urn, applicant_id, created_at, updated_at, subject, visa_type, date_of_entry, start_date, application_route, home_office_csv_downloaded_at, standing_data_csv_downloaded_at, payroll_csv_downloaded_at) VALUES (630, NULL, NULL, NULL, '2023-08-18 13:52:15.477714', '2023-08-18 13:52:15.477714', NULL, NULL, NULL, NULL, 'teacher', NULL, NULL, NULL);
INSERT INTO applications (id, application_date, urn, applicant_id, created_at, updated_at, subject, visa_type, date_of_entry, start_date, application_route, home_office_csv_downloaded_at, standing_data_csv_downloaded_at, payroll_csv_downloaded_at) VALUES (631, NULL, NULL, NULL, '2023-08-18 13:52:28.290284', '2023-08-18 13:52:37.801852', NULL, NULL, NULL, '2023-09-01', 'teacher', NULL, NULL, NULL);
INSERT INTO applications (id, application_date, urn, applicant_id, created_at, updated_at, subject, visa_type, date_of_entry, start_date, application_route, home_office_csv_downloaded_at, standing_data_csv_downloaded_at, payroll_csv_downloaded_at) VALUES (654, NULL, NULL, NULL, '2023-08-23 12:35:15.577497', '2023-08-23 12:35:15.577497', NULL, NULL, NULL, NULL, 'teacher', NULL, NULL, NULL);
INSERT INTO applications (id, application_date, urn, applicant_id, created_at, updated_at, subject, visa_type, date_of_entry, start_date, application_route, home_office_csv_downloaded_at, standing_data_csv_downloaded_at, payroll_csv_downloaded_at) VALUES (623, '2023-08-18', 'IRPTE73326', 604, '2023-08-18 12:07:13.878202', '2023-08-18 12:14:00.786254', 'physics', 'Youth Mobility Scheme', '2023-08-21', '2023-09-04', 'teacher', NULL, NULL, NULL);
INSERT INTO applications (id, application_date, urn, applicant_id, created_at, updated_at, subject, visa_type, date_of_entry, start_date, application_route, home_office_csv_downloaded_at, standing_data_csv_downloaded_at, payroll_csv_downloaded_at) VALUES (632, NULL, NULL, 614, '2023-08-18 13:55:16.622676', '2023-08-18 14:12:24.849307', 'physics', 'Family visa', '2023-08-02', '2023-09-01', 'teacher', NULL, NULL, NULL);
INSERT INTO applications (id, application_date, urn, applicant_id, created_at, updated_at, subject, visa_type, date_of_entry, start_date, application_route, home_office_csv_downloaded_at, standing_data_csv_downloaded_at, payroll_csv_downloaded_at) VALUES (658, NULL, NULL, 631, '2023-08-24 10:41:47.494905', '2023-08-24 10:47:34.811249', 'physics', 'British National (Overseas) visa', '2023-08-01', '2023-09-01', 'teacher', NULL, NULL, NULL);
INSERT INTO applications (id, application_date, urn, applicant_id, created_at, updated_at, subject, visa_type, date_of_entry, start_date, application_route, home_office_csv_downloaded_at, standing_data_csv_downloaded_at, payroll_csv_downloaded_at) VALUES (659, NULL, NULL, NULL, '2023-08-24 10:55:56.100040', '2023-08-24 10:55:56.100040', NULL, NULL, NULL, NULL, 'salaried_trainee', NULL, NULL, NULL);
INSERT INTO applications (id, application_date, urn, applicant_id, created_at, updated_at, subject, visa_type, date_of_entry, start_date, application_route, home_office_csv_downloaded_at, standing_data_csv_downloaded_at, payroll_csv_downloaded_at) VALUES (624, '2023-08-18', 'IRPTE61839', 605, '2023-08-18 12:35:04.904254', '2023-08-18 12:41:22.661709', 'languages', 'Afghan citizens resettlement scheme', '2023-08-02', '2023-09-01', 'teacher', NULL, NULL, NULL);
INSERT INTO applications (id, application_date, urn, applicant_id, created_at, updated_at, subject, visa_type, date_of_entry, start_date, application_route, home_office_csv_downloaded_at, standing_data_csv_downloaded_at, payroll_csv_downloaded_at) VALUES (660, NULL, NULL, NULL, '2023-08-24 11:22:25.935061', '2023-08-24 11:22:49.957913', 'languages', 'Ukraine Sponsorship Scheme', '2023-08-01', '2023-09-01', 'salaried_trainee', NULL, NULL, NULL);
INSERT INTO applications (id, application_date, urn, applicant_id, created_at, updated_at, subject, visa_type, date_of_entry, start_date, application_route, home_office_csv_downloaded_at, standing_data_csv_downloaded_at, payroll_csv_downloaded_at) VALUES (634, NULL, NULL, 617, '2023-08-21 14:55:08.105277', '2023-08-21 15:01:33.556963', 'physics', 'Afghan citizens resettlement scheme', '2023-08-02', '2023-09-01', 'teacher', NULL, NULL, NULL);
INSERT INTO applications (id, application_date, urn, applicant_id, created_at, updated_at, subject, visa_type, date_of_entry, start_date, application_route, home_office_csv_downloaded_at, standing_data_csv_downloaded_at, payroll_csv_downloaded_at) VALUES (656, NULL, NULL, NULL, '2023-08-23 12:41:17.389116', '2023-08-23 12:41:33.168444', 'physics', 'Afghan Relocations and Assistance Policy', '2023-08-18', '2023-09-01', 'teacher', NULL, NULL, NULL);
INSERT INTO applications (id, application_date, urn, applicant_id, created_at, updated_at, subject, visa_type, date_of_entry, start_date, application_route, home_office_csv_downloaded_at, standing_data_csv_downloaded_at, payroll_csv_downloaded_at) VALUES (625, NULL, NULL, 607, '2023-08-18 12:42:37.973038', '2023-08-18 12:51:44.942322', 'languages', 'India Young Professionals Scheme visa', '2023-08-02', '2023-09-01', 'salaried_trainee', NULL, NULL, NULL);
INSERT INTO applications (id, application_date, urn, applicant_id, created_at, updated_at, subject, visa_type, date_of_entry, start_date, application_route, home_office_csv_downloaded_at, standing_data_csv_downloaded_at, payroll_csv_downloaded_at) VALUES (655, NULL, NULL, NULL, '2023-08-23 12:41:11.444349', '2023-08-23 12:41:36.205018', 'General or combined science, including physics', 'Skilled worker visa', '2023-08-21', '2023-09-04', 'teacher', NULL, NULL, NULL);
INSERT INTO applications (id, application_date, urn, applicant_id, created_at, updated_at, subject, visa_type, date_of_entry, start_date, application_route, home_office_csv_downloaded_at, standing_data_csv_downloaded_at, payroll_csv_downloaded_at) VALUES (636, NULL, NULL, NULL, '2023-08-22 13:12:46.571583', '2023-08-22 13:12:46.571583', NULL, NULL, NULL, NULL, 'teacher', NULL, NULL, NULL);
INSERT INTO applications (id, application_date, urn, applicant_id, created_at, updated_at, subject, visa_type, date_of_entry, start_date, application_route, home_office_csv_downloaded_at, standing_data_csv_downloaded_at, payroll_csv_downloaded_at) VALUES (641, '2023-08-23', 'IRPTE98304', 621, '2023-08-23 09:52:26.348464', '2023-08-23 09:56:03.969451', 'languages', 'Skilled worker visa', '2023-06-28', '2023-09-04', 'teacher', NULL, NULL, NULL);
INSERT INTO applications (id, application_date, urn, applicant_id, created_at, updated_at, subject, visa_type, date_of_entry, start_date, application_route, home_office_csv_downloaded_at, standing_data_csv_downloaded_at, payroll_csv_downloaded_at) VALUES (635, '2023-08-22', 'IRPTE94137', 618, '2023-08-22 12:43:57.897475', '2023-08-22 13:58:50.754809', 'physics', 'Afghan Relocations and Assistance Policy', '2023-08-18', '2023-09-01', 'teacher', NULL, NULL, NULL);
INSERT INTO applications (id, application_date, urn, applicant_id, created_at, updated_at, subject, visa_type, date_of_entry, start_date, application_route, home_office_csv_downloaded_at, standing_data_csv_downloaded_at, payroll_csv_downloaded_at) VALUES (628, '2023-08-18', 'IRPTE85332', 609, '2023-08-18 12:54:25.191353', '2023-08-18 12:57:12.486782', 'physics', 'British National (Overseas) visa', '2023-08-18', '2023-09-01', 'teacher', NULL, NULL, NULL);
INSERT INTO applications (id, application_date, urn, applicant_id, created_at, updated_at, subject, visa_type, date_of_entry, start_date, application_route, home_office_csv_downloaded_at, standing_data_csv_downloaded_at, payroll_csv_downloaded_at) VALUES (642, '2023-08-23', 'IRPST82789', 622, '2023-08-23 09:52:31.965773', '2023-08-23 09:58:00.053533', 'languages', 'Youth Mobility Scheme', '2023-08-08', '2023-09-20', 'salaried_trainee', NULL, NULL, NULL);
INSERT INTO applications (id, application_date, urn, applicant_id, created_at, updated_at, subject, visa_type, date_of_entry, start_date, application_route, home_office_csv_downloaded_at, standing_data_csv_downloaded_at, payroll_csv_downloaded_at) VALUES (649, '2023-08-23', 'IRPST04783', 629, '2023-08-23 10:07:58.167822', '2023-08-23 10:15:36.383476', 'languages', 'Family visa', '2023-07-02', '2023-09-07', 'salaried_trainee', '2023-08-23 12:54:16.597028', NULL, NULL);
INSERT INTO applications (id, application_date, urn, applicant_id, created_at, updated_at, subject, visa_type, date_of_entry, start_date, application_route, home_office_csv_downloaded_at, standing_data_csv_downloaded_at, payroll_csv_downloaded_at) VALUES (629, '2023-08-18', 'IRPTE53109', 612, '2023-08-18 13:10:22.152380', '2023-08-18 13:29:00.993801', 'physics', 'Family visa', '2023-08-01', '2023-09-01', 'teacher', '2023-08-23 12:54:16.597028', NULL, NULL);
INSERT INTO applications (id, application_date, urn, applicant_id, created_at, updated_at, subject, visa_type, date_of_entry, start_date, application_route, home_office_csv_downloaded_at, standing_data_csv_downloaded_at, payroll_csv_downloaded_at) VALUES (638, '2023-08-23', 'IRPTE48087', 620, '2023-08-23 09:09:39.510577', '2023-08-23 09:23:58.125776', 'physics', 'Skilled worker visa', '2023-08-01', '2023-09-01', 'teacher', NULL, NULL, NULL);
INSERT INTO applications (id, application_date, urn, applicant_id, created_at, updated_at, subject, visa_type, date_of_entry, start_date, application_route, home_office_csv_downloaded_at, standing_data_csv_downloaded_at, payroll_csv_downloaded_at) VALUES (648, '2023-08-23', 'IRPTE22378', 628, '2023-08-23 10:06:45.381779', '2023-08-23 10:13:09.468401', 'physics', 'Skilled worker visa', '2023-09-10', '2023-10-10', 'teacher', NULL, NULL, NULL);
INSERT INTO applications (id, application_date, urn, applicant_id, created_at, updated_at, subject, visa_type, date_of_entry, start_date, application_route, home_office_csv_downloaded_at, standing_data_csv_downloaded_at, payroll_csv_downloaded_at) VALUES (646, '2023-08-23', 'IRPTE21232', 625, '2023-08-23 09:58:36.877123', '2023-08-23 10:07:16.660106', 'languages', 'Skilled worker visa', '2023-07-08', '2023-09-02', 'teacher', '2023-08-23 12:54:16.597028', NULL, NULL);
INSERT INTO applications (id, application_date, urn, applicant_id, created_at, updated_at, subject, visa_type, date_of_entry, start_date, application_route, home_office_csv_downloaded_at, standing_data_csv_downloaded_at, payroll_csv_downloaded_at) VALUES (639, NULL, NULL, NULL, '2023-08-23 09:29:59.197818', '2023-08-23 09:31:19.798139', 'General or combined science, including physics', 'Skilled worker visa', '2023-08-15', '2023-09-01', 'teacher', NULL, NULL, NULL);
INSERT INTO applications (id, application_date, urn, applicant_id, created_at, updated_at, subject, visa_type, date_of_entry, start_date, application_route, home_office_csv_downloaded_at, standing_data_csv_downloaded_at, payroll_csv_downloaded_at) VALUES (640, NULL, NULL, NULL, '2023-08-23 09:38:44.456438', '2023-08-23 09:39:12.823572', 'physics', 'India Young Professionals Scheme visa', NULL, '2023-09-01', 'teacher', NULL, NULL, NULL);
INSERT INTO applications (id, application_date, urn, applicant_id, created_at, updated_at, subject, visa_type, date_of_entry, start_date, application_route, home_office_csv_downloaded_at, standing_data_csv_downloaded_at, payroll_csv_downloaded_at) VALUES (650, '2023-08-23', 'IRPTE99407', 630, '2023-08-23 11:08:51.219777', '2023-08-23 11:14:05.199358', 'physics', 'Afghan Relocations and Assistance Policy', '2023-08-02', '2023-09-01', 'teacher', '2023-08-23 12:54:16.597028', NULL, NULL);
INSERT INTO applications (id, application_date, urn, applicant_id, created_at, updated_at, subject, visa_type, date_of_entry, start_date, application_route, home_office_csv_downloaded_at, standing_data_csv_downloaded_at, payroll_csv_downloaded_at) VALUES (643, '2023-08-23', 'IRPTE25153', 623, '2023-08-23 09:54:22.732165', '2023-08-23 09:59:16.930918', 'physics', 'Skilled worker visa', '2023-07-20', '2023-09-04', 'teacher', '2023-08-23 12:54:16.597028', NULL, NULL);
INSERT INTO applications (id, application_date, urn, applicant_id, created_at, updated_at, subject, visa_type, date_of_entry, start_date, application_route, home_office_csv_downloaded_at, standing_data_csv_downloaded_at, payroll_csv_downloaded_at) VALUES (647, '2023-08-23', 'IRPTE65999', 627, '2023-08-23 10:05:42.888325', '2023-08-23 10:13:08.254990', 'physics', 'Skilled worker visa', '2023-07-01', '2023-09-01', 'teacher', '2023-08-23 12:54:16.597028', NULL, NULL);
INSERT INTO applications (id, application_date, urn, applicant_id, created_at, updated_at, subject, visa_type, date_of_entry, start_date, application_route, home_office_csv_downloaded_at, standing_data_csv_downloaded_at, payroll_csv_downloaded_at) VALUES (627, '2023-08-18', 'IRPST88673', 610, '2023-08-18 12:49:45.344954', '2023-08-18 12:56:45.086445', 'languages', 'Family visa', '2023-07-05', '2023-09-04', 'salaried_trainee', '2023-08-23 12:54:16.597028', NULL, NULL);
INSERT INTO applications (id, application_date, urn, applicant_id, created_at, updated_at, subject, visa_type, date_of_entry, start_date, application_route, home_office_csv_downloaded_at, standing_data_csv_downloaded_at, payroll_csv_downloaded_at) VALUES (644, NULL, NULL, 624, '2023-08-23 09:55:08.519169', '2023-08-23 10:01:04.975767', 'physics', 'Family visa', '2023-08-20', '2023-09-01', 'teacher', NULL, NULL, NULL);
INSERT INTO applications (id, application_date, urn, applicant_id, created_at, updated_at, subject, visa_type, date_of_entry, start_date, application_route, home_office_csv_downloaded_at, standing_data_csv_downloaded_at, payroll_csv_downloaded_at) VALUES (622, '2023-08-18', 'IRPTE59682', 603, '2023-08-18 11:53:55.427946', '2023-08-18 12:04:52.917555', 'General or combined science, including physics', 'Skilled worker visa', '2023-07-01', '2023-09-01', 'teacher', '2023-08-23 12:54:16.597028', NULL, NULL);
INSERT INTO applications (id, application_date, urn, applicant_id, created_at, updated_at, subject, visa_type, date_of_entry, start_date, application_route, home_office_csv_downloaded_at, standing_data_csv_downloaded_at, payroll_csv_downloaded_at) VALUES (645, '2023-08-23', 'IRPTE32312', 626, '2023-08-23 09:58:27.852086', '2023-08-23 10:03:10.323582', 'physics', 'Family visa', '2024-01-10', '2023-09-20', 'teacher', NULL, NULL, NULL);
INSERT INTO applications (id, application_date, urn, applicant_id, created_at, updated_at, subject, visa_type, date_of_entry, start_date, application_route, home_office_csv_downloaded_at, standing_data_csv_downloaded_at, payroll_csv_downloaded_at) VALUES (651, NULL, NULL, NULL, '2023-08-23 11:16:14.460174', '2023-08-23 11:16:14.460174', NULL, NULL, NULL, NULL, 'teacher', NULL, NULL, NULL);
INSERT INTO applications (id, application_date, urn, applicant_id, created_at, updated_at, subject, visa_type, date_of_entry, start_date, application_route, home_office_csv_downloaded_at, standing_data_csv_downloaded_at, payroll_csv_downloaded_at) VALUES (637, '2023-08-22', 'IRPTE15747', 619, '2023-08-22 13:59:07.556242', '2023-08-22 14:03:04.428245', 'physics', 'Afghan Relocations and Assistance Policy', '2023-08-18', '2023-09-01', 'teacher', '2023-08-23 12:54:16.597028', NULL, NULL);
INSERT INTO applications (id, application_date, urn, applicant_id, created_at, updated_at, subject, visa_type, date_of_entry, start_date, application_route, home_office_csv_downloaded_at, standing_data_csv_downloaded_at, payroll_csv_downloaded_at) VALUES (626, '2023-08-18', 'IRPTE21459', 606, '2023-08-18 12:47:57.981178', '2023-08-18 12:52:39.443593', 'physics', 'British National (Overseas) visa', '2023-08-18', '2023-09-01', 'teacher', '2023-08-23 12:54:16.597028', NULL, NULL);
INSERT INTO applications (id, application_date, urn, applicant_id, created_at, updated_at, subject, visa_type, date_of_entry, start_date, application_route, home_office_csv_downloaded_at, standing_data_csv_downloaded_at, payroll_csv_downloaded_at) VALUES (633, '2023-08-21', 'IRPTE34279', 615, '2023-08-21 14:04:03.146352', '2023-08-21 14:12:33.128863', 'languages', 'Skilled worker visa', '2023-08-21', '2023-09-01', 'teacher', '2023-08-23 12:54:16.597028', NULL, NULL);
INSERT INTO applications (id, application_date, urn, applicant_id, created_at, updated_at, subject, visa_type, date_of_entry, start_date, application_route, home_office_csv_downloaded_at, standing_data_csv_downloaded_at, payroll_csv_downloaded_at) VALUES (657, NULL, NULL, NULL, '2023-08-24 10:39:19.327267', '2023-08-24 10:39:19.327267', NULL, NULL, NULL, NULL, 'salaried_trainee', NULL, NULL, NULL);
INSERT INTO applications (id, application_date, urn, applicant_id, created_at, updated_at, subject, visa_type, date_of_entry, start_date, application_route, home_office_csv_downloaded_at, standing_data_csv_downloaded_at, payroll_csv_downloaded_at) VALUES (652, NULL, NULL, NULL, '2023-08-23 11:35:27.781627', '2023-08-23 11:36:01.487302', 'physics', 'Family visa', '2024-01-10', '2023-09-20', 'teacher', NULL, NULL, NULL);
INSERT INTO applications (id, application_date, urn, applicant_id, created_at, updated_at, subject, visa_type, date_of_entry, start_date, application_route, home_office_csv_downloaded_at, standing_data_csv_downloaded_at, payroll_csv_downloaded_at) VALUES (653, NULL, NULL, NULL, '2023-08-23 11:43:15.589734', '2023-08-23 11:43:15.589734', NULL, NULL, NULL, NULL, 'teacher', NULL, NULL, NULL);
-- Table: application_progresses
INSERT INTO application_progresses (id, initial_checks_completed_at, visa_investigation_required, home_office_checks_completed_at, school_investigation_required, school_checks_completed_at, created_at, updated_at, application_id, rejection_completed_at, payment_confirmation_completed_at, banking_approval_completed_at, rejection_details, status, rejection_reason) VALUES (605, '2023-08-23', TRUE, '2023-08-24', FALSE, NULL, '2023-08-22 14:03:04.418205', '2023-08-24 11:08:14.300267', 637, '2023-08-24', NULL, NULL, 'Partial match with the passport number', 6, 3);
INSERT INTO application_progresses (id, initial_checks_completed_at, visa_investigation_required, home_office_checks_completed_at, school_investigation_required, school_checks_completed_at, created_at, updated_at, application_id, rejection_completed_at, payment_confirmation_completed_at, banking_approval_completed_at, rejection_details, status, rejection_reason) VALUES (599, '2023-08-23', FALSE, '2023-08-24', FALSE, '2023-08-24', '2023-08-18 12:52:39.419243', '2023-08-24 12:54:20.749270', 626, NULL, NULL, NULL, 'This is the application which Sarah wants to progress. Other application has been rejected', 3, NULL);
INSERT INTO application_progresses (id, initial_checks_completed_at, visa_investigation_required, home_office_checks_completed_at, school_investigation_required, school_checks_completed_at, created_at, updated_at, application_id, rejection_completed_at, payment_confirmation_completed_at, banking_approval_completed_at, rejection_details, status, rejection_reason) VALUES (614, '2023-08-23', FALSE, '2023-08-24', FALSE, '2023-08-24', '2023-08-23 10:15:36.374487', '2023-08-24 12:54:26.029150', 649, NULL, NULL, NULL, '', 3, NULL);
INSERT INTO application_progresses (id, initial_checks_completed_at, visa_investigation_required, home_office_checks_completed_at, school_investigation_required, school_checks_completed_at, created_at, updated_at, application_id, rejection_completed_at, payment_confirmation_completed_at, banking_approval_completed_at, rejection_details, status, rejection_reason) VALUES (600, '2023-08-23', FALSE, '2023-08-24', FALSE, '2023-08-24', '2023-08-18 12:56:45.079477', '2023-08-24 12:54:27.120375', 627, NULL, NULL, NULL, '', 3, NULL);
INSERT INTO application_progresses (id, initial_checks_completed_at, visa_investigation_required, home_office_checks_completed_at, school_investigation_required, school_checks_completed_at, created_at, updated_at, application_id, rejection_completed_at, payment_confirmation_completed_at, banking_approval_completed_at, rejection_details, status, rejection_reason) VALUES (610, NULL, FALSE, NULL, FALSE, NULL, '2023-08-23 10:03:10.312825', '2023-08-23 10:03:10.312825', 645, NULL, NULL, NULL, NULL, 0, NULL);
INSERT INTO application_progresses (id, initial_checks_completed_at, visa_investigation_required, home_office_checks_completed_at, school_investigation_required, school_checks_completed_at, created_at, updated_at, application_id, rejection_completed_at, payment_confirmation_completed_at, banking_approval_completed_at, rejection_details, status, rejection_reason) VALUES (602, '2023-08-23', FALSE, NULL, FALSE, NULL, '2023-08-18 13:29:00.984082', '2023-08-23 11:49:30.279098', 629, NULL, NULL, NULL, '', 1, NULL);
INSERT INTO application_progresses (id, initial_checks_completed_at, visa_investigation_required, home_office_checks_completed_at, school_investigation_required, school_checks_completed_at, created_at, updated_at, application_id, rejection_completed_at, payment_confirmation_completed_at, banking_approval_completed_at, rejection_details, status, rejection_reason) VALUES (612, '2023-08-23', FALSE, '2023-08-24', FALSE, '2023-08-24', '2023-08-23 10:13:08.246067', '2023-08-24 12:56:12.472037', 647, NULL, NULL, NULL, '', 3, NULL);
INSERT INTO application_progresses (id, initial_checks_completed_at, visa_investigation_required, home_office_checks_completed_at, school_investigation_required, school_checks_completed_at, created_at, updated_at, application_id, rejection_completed_at, payment_confirmation_completed_at, banking_approval_completed_at, rejection_details, status, rejection_reason) VALUES (598, '2023-08-23', FALSE, NULL, FALSE, NULL, '2023-08-18 12:41:22.649302', '2023-08-23 11:51:01.473805', 624, '2023-08-23', NULL, NULL, 'Works at a primary school', 6, 2);
INSERT INTO application_progresses (id, initial_checks_completed_at, visa_investigation_required, home_office_checks_completed_at, school_investigation_required, school_checks_completed_at, created_at, updated_at, application_id, rejection_completed_at, payment_confirmation_completed_at, banking_approval_completed_at, rejection_details, status, rejection_reason) VALUES (596, '2023-08-23', FALSE, NULL, FALSE, NULL, '2023-08-18 12:04:52.908004', '2023-08-23 11:51:29.842114', 622, NULL, NULL, NULL, '', 1, NULL);
INSERT INTO application_progresses (id, initial_checks_completed_at, visa_investigation_required, home_office_checks_completed_at, school_investigation_required, school_checks_completed_at, created_at, updated_at, application_id, rejection_completed_at, payment_confirmation_completed_at, banking_approval_completed_at, rejection_details, status, rejection_reason) VALUES (597, '2023-08-23', FALSE, NULL, FALSE, NULL, '2023-08-18 12:14:00.778078', '2023-08-23 11:53:02.951113', 623, '2023-08-23', NULL, NULL, 'Loughborough Grammar is a private school', 6, 2);
INSERT INTO application_progresses (id, initial_checks_completed_at, visa_investigation_required, home_office_checks_completed_at, school_investigation_required, school_checks_completed_at, created_at, updated_at, application_id, rejection_completed_at, payment_confirmation_completed_at, banking_approval_completed_at, rejection_details, status, rejection_reason) VALUES (613, '2023-08-23', FALSE, '2023-08-30', FALSE, '2023-08-24', '2023-08-23 10:13:09.459173', '2023-08-24 12:56:29.301825', 648, NULL, NULL, NULL, '', 3, NULL);
INSERT INTO application_progresses (id, initial_checks_completed_at, visa_investigation_required, home_office_checks_completed_at, school_investigation_required, school_checks_completed_at, created_at, updated_at, application_id, rejection_completed_at, payment_confirmation_completed_at, banking_approval_completed_at, rejection_details, status, rejection_reason) VALUES (609, '2023-08-23', FALSE, '2023-08-24', FALSE, '2023-08-25', '2023-08-23 09:59:16.921743', '2023-08-24 12:56:42.997991', 643, NULL, NULL, NULL, '', 3, NULL);
INSERT INTO application_progresses (id, initial_checks_completed_at, visa_investigation_required, home_office_checks_completed_at, school_investigation_required, school_checks_completed_at, created_at, updated_at, application_id, rejection_completed_at, payment_confirmation_completed_at, banking_approval_completed_at, rejection_details, status, rejection_reason) VALUES (615, '2023-08-23', FALSE, '2023-08-24', FALSE, '2023-08-24', '2023-08-23 11:14:05.191054', '2023-08-24 12:56:47.947583', 650, NULL, NULL, NULL, '', 3, NULL);
INSERT INTO application_progresses (id, initial_checks_completed_at, visa_investigation_required, home_office_checks_completed_at, school_investigation_required, school_checks_completed_at, created_at, updated_at, application_id, rejection_completed_at, payment_confirmation_completed_at, banking_approval_completed_at, rejection_details, status, rejection_reason) VALUES (606, '2023-08-23', FALSE, NULL, FALSE, NULL, '2023-08-23 09:23:58.116892', '2023-08-23 11:55:57.780879', 638, '2023-08-23', NULL, NULL, 'Rejected both applications and have requested which application to progress', 6, 1);
INSERT INTO application_progresses (id, initial_checks_completed_at, visa_investigation_required, home_office_checks_completed_at, school_investigation_required, school_checks_completed_at, created_at, updated_at, application_id, rejection_completed_at, payment_confirmation_completed_at, banking_approval_completed_at, rejection_details, status, rejection_reason) VALUES (601, '2023-08-23', FALSE, NULL, FALSE, NULL, '2023-08-18 12:57:12.478716', '2023-08-23 12:13:00.355311', 628, '2023-08-23', NULL, NULL, 'This application has a different email address but the same passport number as IRPTE21459 and IRPTE48087. She is progressing IRPTE21459', 6, 1);
INSERT INTO application_progresses (id, initial_checks_completed_at, visa_investigation_required, home_office_checks_completed_at, school_investigation_required, school_checks_completed_at, created_at, updated_at, application_id, rejection_completed_at, payment_confirmation_completed_at, banking_approval_completed_at, rejection_details, status, rejection_reason) VALUES (603, '2023-08-23', FALSE, NULL, FALSE, NULL, '2023-08-21 14:12:33.119997', '2023-08-23 12:13:54.053271', 633, NULL, NULL, NULL, '', 1, NULL);
INSERT INTO application_progresses (id, initial_checks_completed_at, visa_investigation_required, home_office_checks_completed_at, school_investigation_required, school_checks_completed_at, created_at, updated_at, application_id, rejection_completed_at, payment_confirmation_completed_at, banking_approval_completed_at, rejection_details, status, rejection_reason) VALUES (604, '2023-08-23', FALSE, NULL, FALSE, NULL, '2023-08-22 13:58:50.745884', '2023-08-23 12:18:32.299207', 635, '2023-08-23', NULL, NULL, 'This is a duplicate. Applicant is progressing IRPTE15747', 6, 1);
INSERT INTO application_progresses (id, initial_checks_completed_at, visa_investigation_required, home_office_checks_completed_at, school_investigation_required, school_checks_completed_at, created_at, updated_at, application_id, rejection_completed_at, payment_confirmation_completed_at, banking_approval_completed_at, rejection_details, status, rejection_reason) VALUES (611, '2023-08-23', FALSE, NULL, FALSE, NULL, '2023-08-23 10:07:16.651070', '2023-08-23 12:34:04.700456', 646, NULL, NULL, NULL, '', 1, NULL);
INSERT INTO application_progresses (id, initial_checks_completed_at, visa_investigation_required, home_office_checks_completed_at, school_investigation_required, school_checks_completed_at, created_at, updated_at, application_id, rejection_completed_at, payment_confirmation_completed_at, banking_approval_completed_at, rejection_details, status, rejection_reason) VALUES (607, '2023-08-23', FALSE, NULL, FALSE, NULL, '2023-08-23 09:56:03.959412', '2023-08-23 12:35:05.493763', 641, '2023-08-23', NULL, NULL, 'School in Scotland', 6, 2);
INSERT INTO application_progresses (id, initial_checks_completed_at, visa_investigation_required, home_office_checks_completed_at, school_investigation_required, school_checks_completed_at, created_at, updated_at, application_id, rejection_completed_at, payment_confirmation_completed_at, banking_approval_completed_at, rejection_details, status, rejection_reason) VALUES (608, '2023-08-23', FALSE, '2023-08-23', FALSE, NULL, '2023-08-23 09:58:00.040683', '2023-08-23 12:38:31.764831', 642, NULL, NULL, NULL, '', 2, NULL);
